cost:RealisticUsageScenario;response time:RealisticUsageScenario;POFOD:RealisticUsageScenario;lower bound confidence(response time:RealisticUsageScenario);upper bound confidence(response time:RealisticUsageScenario);alpha(response time:RealisticUsageScenario);ContinuousProcessingRateDegreeImpl:Server1:CPU;ContinuousProcessingRateDegreeImpl:Server1:HDD;ContinuousProcessingRateDegreeImpl:Server2:CPU;ContinuousProcessingRateDegreeImpl:Server2:HDD;AllocationDegreeImpl:Allocation_Assembly_FileStorage <FileStorage> <FileStorage>;AllocationDegreeImpl:Allocation_Assembly_Packaging <Packaging> <Packaging>;AllocationDegreeImpl:Allocation_Assembly_MediaAccess <MediaAccess> <MediaAccess>;AllocationDegreeImpl:Allocation_Assembly_MediaManagement <MediaManagement> <MediaManagement>;ConcernDegreeImpl:ConcernModel.impl.ConcernImpl@6c9b5272 (name: IDS, description: null);AllocationDegreeImpl:ConcernModel.impl.ElementaryConcernComponentImpl@1b777f4a (name: Detection, description: null);AllocationDegreeImpl:ConcernModel.impl.ElementaryConcernComponentImpl@383deadc (name: Analysis, description: null);AllocationDegreeImpl:ConcernModel.impl.ElementaryConcernComponentImpl@18105fbe (name: Response, description: null);Util of Server1 CPU;Util of Server1 HDD;Util of Server2 CPU;Util of Server2 HDD;Util of Network LAN;Candidate ID;
35800.0;2.0557012874319933;6.44494319278488E-5;0.0;Infinity;0.95;1.0E9;5.0E7;1.0E9;6.0E8;Server2 (ID: _dH4W0Lg3EeSNPorBlo7x9g);Server1 (ID: _t8rcYHlPEeSGtbTG2d9Ipg);Server1 (ID: _t8rcYHlPEeSGtbTG2d9Ipg);Server1 (ID: _t8rcYHlPEeSGtbTG2d9Ipg);AppSensor (ID: _VYStANVwEeWS-LePWVyd9g);Server1 (ID: _t8rcYHlPEeSGtbTG2d9Ipg);Server1 (ID: _t8rcYHlPEeSGtbTG2d9Ipg);Server1 (ID: _t8rcYHlPEeSGtbTG2d9Ipg);0.024546427256982417;NaN;0.020988331897949797;0.022898116710746486;0.013408134261835625;0;
75080.74154210949;13.764431149144986;4.224562490628969E-5;0.0;Infinity;0.95;2.1949219946668906E9;8.7610646249748E8;2.6504607748070755E9;4.6526084700238E10;Server1 (ID: _t8rcYHlPEeSGtbTG2d9Ipg);Server1 (ID: _t8rcYHlPEeSGtbTG2d9Ipg);Server2 (ID: _dH4W0Lg3EeSNPorBlo7x9g);Server1 (ID: _t8rcYHlPEeSGtbTG2d9Ipg);ossec_extended (ID: _KsE3sK_GEeaFof9L2wGlaQ);Server1 (ID: _t8rcYHlPEeSGtbTG2d9Ipg);Server2 (ID: _dH4W0Lg3EeSNPorBlo7x9g);Server1 (ID: _t8rcYHlPEeSGtbTG2d9Ipg);0.02074331262916329;0.016196341545941073;7.017339868409245E-6;NaN;0.3364073115424032;1;
202418.49084956653;4.963351008403049;3.3995897085636884E-5;0.0;Infinity;0.95;9.735806050708168E9;4.718318616978942E8;3.372093339262933E9;5.694955455225482E10;Server2 (ID: _dH4W0Lg3EeSNPorBlo7x9g);Server2 (ID: _dH4W0Lg3EeSNPorBlo7x9g);Server2 (ID: _dH4W0Lg3EeSNPorBlo7x9g);Server2 (ID: _dH4W0Lg3EeSNPorBlo7x9g);AppSensor (ID: _VYStANVwEeWS-LePWVyd9g);Server1 (ID: _t8rcYHlPEeSGtbTG2d9Ipg);Server2 (ID: _dH4W0Lg3EeSNPorBlo7x9g);Server2 (ID: _dH4W0Lg3EeSNPorBlo7x9g);NaN;NaN;0.012674031241678096;2.2885346775403104E-4;0.15909220589479267;2;
270785.74560034426;10.373994618818967;2.988994286301505E-5;0.0;Infinity;0.95;9.679706965819035E9;3.5840870658676946E8;7.9860094075372505E9;2.302252137433448E10;Server1 (ID: _t8rcYHlPEeSGtbTG2d9Ipg);Server2 (ID: _dH4W0Lg3EeSNPorBlo7x9g);Server1 (ID: _t8rcYHlPEeSGtbTG2d9Ipg);Server1 (ID: _t8rcYHlPEeSGtbTG2d9Ipg);AppSensor (ID: _VYStANVwEeWS-LePWVyd9g);Server1 (ID: _t8rcYHlPEeSGtbTG2d9Ipg);Server2 (ID: _dH4W0Lg3EeSNPorBlo7x9g);Server2 (ID: _dH4W0Lg3EeSNPorBlo7x9g);0.0022330242648346266;0.041070722771311075;0.003217111950521767;NaN;0.29081028899533123;4;
21899.790338902498;9.15898801003704;1.5454998691233346E-4;0.0;Infinity;0.95;1.7794724881778553E8;3.6429442179913883E9;8.953721071090477E8;1.711006384260246E10;Server1 (ID: _t8rcYHlPEeSGtbTG2d9Ipg);Server2 (ID: _dH4W0Lg3EeSNPorBlo7x9g);Server1 (ID: _t8rcYHlPEeSGtbTG2d9Ipg);Server2 (ID: _dH4W0Lg3EeSNPorBlo7x9g);AppSensor (ID: _VYStANVwEeWS-LePWVyd9g);Server1 (ID: _t8rcYHlPEeSGtbTG2d9Ipg);Server1 (ID: _t8rcYHlPEeSGtbTG2d9Ipg);Server2 (ID: _dH4W0Lg3EeSNPorBlo7x9g);0.12231486460346619;0.004089258705371468;0.02900203233575438;NaN;0.1624339925842373;5;
162114.90936927582;36.66592464338196;3.3718546915362246E-5;0.0;Infinity;0.95;4.508715555738479E9;4.310727883150727E9;6.138945068879909E9;4.2845442062425255E10;Server2 (ID: _dH4W0Lg3EeSNPorBlo7x9g);Server2 (ID: _dH4W0Lg3EeSNPorBlo7x9g);Server2 (ID: _dH4W0Lg3EeSNPorBlo7x9g);Server1 (ID: _t8rcYHlPEeSGtbTG2d9Ipg);ossec_extended (ID: _KsE3sK_GEeaFof9L2wGlaQ);Server1 (ID: _t8rcYHlPEeSGtbTG2d9Ipg);Server2 (ID: _dH4W0Lg3EeSNPorBlo7x9g);Server2 (ID: _dH4W0Lg3EeSNPorBlo7x9g);4.76387620496066E-6;NaN;0.007586247522278655;3.278193099580662E-4;0.6267342323141136;6;
161929.41352713873;0.6690759739329027;3.545183020536857E-5;0.0;Infinity;0.95;7.486520179556581E9;4.711091956716473E9;2.9221073889193344E9;1.275982507326308E10;Server1 (ID: _t8rcYHlPEeSGtbTG2d9Ipg);Server2 (ID: _dH4W0Lg3EeSNPorBlo7x9g);Server2 (ID: _dH4W0Lg3EeSNPorBlo7x9g);Server2 (ID: _dH4W0Lg3EeSNPorBlo7x9g);AppSensor (ID: _VYStANVwEeWS-LePWVyd9g);Server2 (ID: _dH4W0Lg3EeSNPorBlo7x9g);Server2 (ID: _dH4W0Lg3EeSNPorBlo7x9g);Server1 (ID: _t8rcYHlPEeSGtbTG2d9Ipg);0.002659925745751579;0.0027964758418604907;0.008061538067033358;NaN;0.011894515754702017;7;
34659.386848702576;6.059261343414993;6.27649541211639E-5;0.0;Infinity;0.95;1.2518745817824614E9;2.414909079619786E9;8.987512081310436E8;3.7908044400804184E10;Server1 (ID: _t8rcYHlPEeSGtbTG2d9Ipg);Server1 (ID: _t8rcYHlPEeSGtbTG2d9Ipg);Server1 (ID: _t8rcYHlPEeSGtbTG2d9Ipg);Server1 (ID: _t8rcYHlPEeSGtbTG2d9Ipg);ossec_extended (ID: _KsE3sK_GEeaFof9L2wGlaQ);Server2 (ID: _dH4W0Lg3EeSNPorBlo7x9g);Server2 (ID: _dH4W0Lg3EeSNPorBlo7x9g);Server1 (ID: _t8rcYHlPEeSGtbTG2d9Ipg);0.03634881349700814;0.0056860087890515665;NaN;NaN;0.16908199915913447;8;
46573.04975567651;2.049016298302012;5.300650858008904E-5;0.0;Infinity;0.95;2.0815461872241266E9;8.209258059467115E7;8.63323796487641E8;1.3956263706616968E10;Server2 (ID: _dH4W0Lg3EeSNPorBlo7x9g);Server2 (ID: _dH4W0Lg3EeSNPorBlo7x9g);Server2 (ID: _dH4W0Lg3EeSNPorBlo7x9g);Server2 (ID: _dH4W0Lg3EeSNPorBlo7x9g);ossec_extended (ID: _KsE3sK_GEeaFof9L2wGlaQ);Server2 (ID: _dH4W0Lg3EeSNPorBlo7x9g);Server1 (ID: _t8rcYHlPEeSGtbTG2d9Ipg);Server2 (ID: _dH4W0Lg3EeSNPorBlo7x9g);NaN;NaN;0.052067972033385757;9.861608092813778E-4;0.02659842825633918;16;
251345.80509614927;4.786633554680996;3.0990245649120673E-5;0.0;Infinity;0.95;8.02257339972865E9;2.598372335724045E9;8.5738136066813E9;8.1658849310254755E9;Server2 (ID: _dH4W0Lg3EeSNPorBlo7x9g);Server1 (ID: _t8rcYHlPEeSGtbTG2d9Ipg);Server2 (ID: _dH4W0Lg3EeSNPorBlo7x9g);Server1 (ID: _t8rcYHlPEeSGtbTG2d9Ipg);ossec_extended (ID: _KsE3sK_GEeaFof9L2wGlaQ);Server2 (ID: _dH4W0Lg3EeSNPorBlo7x9g);Server1 (ID: _t8rcYHlPEeSGtbTG2d9Ipg);Server1 (ID: _t8rcYHlPEeSGtbTG2d9Ipg);0.0027661503050285807;NaN;0.0022109192653885223;0.0015177246481250517;0.15988793285329372;17;
170641.03309681301;5.206653906563007;3.3894114180088586E-5;0.0;Infinity;0.95;3.882708404822952E9;3.67907902970976E9;7.333360468297916E9;2.5292440900141808E10;Server1 (ID: _t8rcYHlPEeSGtbTG2d9Ipg);Server1 (ID: _t8rcYHlPEeSGtbTG2d9Ipg);Server2 (ID: _dH4W0Lg3EeSNPorBlo7x9g);Server1 (ID: _t8rcYHlPEeSGtbTG2d9Ipg);ossec_extended (ID: _KsE3sK_GEeaFof9L2wGlaQ);Server2 (ID: _dH4W0Lg3EeSNPorBlo7x9g);Server2 (ID: _dH4W0Lg3EeSNPorBlo7x9g);Server1 (ID: _t8rcYHlPEeSGtbTG2d9Ipg);0.011147460393720277;0.0036006786008497826;2.765616199718046E-6;NaN;0.1649516657581913;19;
163905.30538637625;16.165950075244005;3.47735671948346E-5;0.0;Infinity;0.95;7.226474104884028E9;9.386595801967444E8;3.313879587541055E9;2.9338233303394344E10;Server1 (ID: _t8rcYHlPEeSGtbTG2d9Ipg);Server1 (ID: _t8rcYHlPEeSGtbTG2d9Ipg);Server2 (ID: _dH4W0Lg3EeSNPorBlo7x9g);Server2 (ID: _dH4W0Lg3EeSNPorBlo7x9g);AppSensor (ID: _VYStANVwEeWS-LePWVyd9g);Server1 (ID: _t8rcYHlPEeSGtbTG2d9Ipg);Server2 (ID: _dH4W0Lg3EeSNPorBlo7x9g);Server1 (ID: _t8rcYHlPEeSGtbTG2d9Ipg);0.005930934415729783;0.013719921950470004;1.1204778405882188E-5;NaN;0.39621557957516207;20;
177974.89847773119;5.324972000046974;3.3184108691575176E-5;0.0;Infinity;0.95;4.873489153890975E9;9.547087240616764E8;6.604837411291103E9;4.5294545658434906E10;Server1 (ID: _t8rcYHlPEeSGtbTG2d9Ipg);Server1 (ID: _t8rcYHlPEeSGtbTG2d9Ipg);Server1 (ID: _t8rcYHlPEeSGtbTG2d9Ipg);Server1 (ID: _t8rcYHlPEeSGtbTG2d9Ipg);AppSensor (ID: _VYStANVwEeWS-LePWVyd9g);Server2 (ID: _dH4W0Lg3EeSNPorBlo7x9g);Server2 (ID: _dH4W0Lg3EeSNPorBlo7x9g);Server2 (ID: _dH4W0Lg3EeSNPorBlo7x9g);0.008659895219490843;0.01356007364339673;NaN;NaN;0.1580011912053374;27;
65052.29679459812;5.064687715894021;5.268754034815082E-5;0.0;Infinity;0.95;9.542310752826803E8;3.273255060623229E9;2.9959220443571944E9;2.245410850789547E10;Server2 (ID: _dH4W0Lg3EeSNPorBlo7x9g);Server1 (ID: _t8rcYHlPEeSGtbTG2d9Ipg);Server1 (ID: _t8rcYHlPEeSGtbTG2d9Ipg);Server1 (ID: _t8rcYHlPEeSGtbTG2d9Ipg);AppSensor (ID: _VYStANVwEeWS-LePWVyd9g);Server2 (ID: _dH4W0Lg3EeSNPorBlo7x9g);Server1 (ID: _t8rcYHlPEeSGtbTG2d9Ipg);Server2 (ID: _dH4W0Lg3EeSNPorBlo7x9g);0.025197723893431778;NaN;0.006850099181060276;6.078130823081729E-4;0.15108943177536893;28;
201619.68545890824;17.24020271540404;3.249607731592441E-5;0.0;Infinity;0.95;5.012731892992974E9;4.06689468575872E9;8.268580470934241E9;4.404370213300897E9;Server2 (ID: _dH4W0Lg3EeSNPorBlo7x9g);Server1 (ID: _t8rcYHlPEeSGtbTG2d9Ipg);Server2 (ID: _dH4W0Lg3EeSNPorBlo7x9g);Server2 (ID: _dH4W0Lg3EeSNPorBlo7x9g);ossec_extended (ID: _KsE3sK_GEeaFof9L2wGlaQ);Server1 (ID: _t8rcYHlPEeSGtbTG2d9Ipg);Server1 (ID: _t8rcYHlPEeSGtbTG2d9Ipg);Server2 (ID: _dH4W0Lg3EeSNPorBlo7x9g);0.004666655309172429;NaN;0.002437049945607561;0.0029907022613081535;0.41940384532127717;29;
195762.15737522533;5.1228486214059865;3.337834395356065E-5;0.0;Infinity;0.95;8.692077643606272E9;1.4561671141677458E9;3.972066181408749E9;4.533497789540805E10;Server2 (ID: _dH4W0Lg3EeSNPorBlo7x9g);Server2 (ID: _dH4W0Lg3EeSNPorBlo7x9g);Server1 (ID: _t8rcYHlPEeSGtbTG2d9Ipg);Server2 (ID: _dH4W0Lg3EeSNPorBlo7x9g);AppSensor (ID: _VYStANVwEeWS-LePWVyd9g);Server1 (ID: _t8rcYHlPEeSGtbTG2d9Ipg);Server2 (ID: _dH4W0Lg3EeSNPorBlo7x9g);Server1 (ID: _t8rcYHlPEeSGtbTG2d9Ipg);2.149980684928998E-6;NaN;0.011312122130263225;3.0606689465983994E-4;0.166736401975633;30;
203556.77442054532;11.145225127098008;3.281977200531028E-5;0.0;Infinity;0.95;4.420712914995388E9;2.4997708425831013E9;8.989738713040966E9;4.9642739838103455E10;Server2 (ID: _dH4W0Lg3EeSNPorBlo7x9g);Server2 (ID: _dH4W0Lg3EeSNPorBlo7x9g);Server1 (ID: _t8rcYHlPEeSGtbTG2d9Ipg);Server1 (ID: _t8rcYHlPEeSGtbTG2d9Ipg);ossec_extended (ID: _KsE3sK_GEeaFof9L2wGlaQ);Server1 (ID: _t8rcYHlPEeSGtbTG2d9Ipg);Server2 (ID: _dH4W0Lg3EeSNPorBlo7x9g);Server1 (ID: _t8rcYHlPEeSGtbTG2d9Ipg);8.449781415675872E-6;NaN;0.005057861497988925;2.780334656619088E-4;0.3107468131879867;31;
182612.31859201117;21.405127961238005;3.285446825151972E-5;0.0;Infinity;0.95;6.827528135561525E9;5.461053594258024E8;5.18662643723922E9;1.5235550934020117E10;Server2 (ID: _dH4W0Lg3EeSNPorBlo7x9g);Server1 (ID: _t8rcYHlPEeSGtbTG2d9Ipg);Server2 (ID: _dH4W0Lg3EeSNPorBlo7x9g);Server2 (ID: _dH4W0Lg3EeSNPorBlo7x9g);ossec_extended (ID: _KsE3sK_GEeaFof9L2wGlaQ);Server1 (ID: _t8rcYHlPEeSGtbTG2d9Ipg);Server2 (ID: _dH4W0Lg3EeSNPorBlo7x9g);Server1 (ID: _t8rcYHlPEeSGtbTG2d9Ipg);0.0035617886447832925;NaN;0.003978026994919559;8.950425676482743E-4;0.45806554381323417;40;
148427.75617008912;10.92888370787197;4.1938856822132387E-5;0.0;Infinity;0.95;1.443469929832356E9;4.159515486322431E9;8.065047148173587E9;1.2022706972186577E10;Server2 (ID: _dH4W0Lg3EeSNPorBlo7x9g);Server1 (ID: _t8rcYHlPEeSGtbTG2d9Ipg);Server2 (ID: _dH4W0Lg3EeSNPorBlo7x9g);Server1 (ID: _t8rcYHlPEeSGtbTG2d9Ipg);AppSensor (ID: _VYStANVwEeWS-LePWVyd9g);Server1 (ID: _t8rcYHlPEeSGtbTG2d9Ipg);Server1 (ID: _t8rcYHlPEeSGtbTG2d9Ipg);Server2 (ID: _dH4W0Lg3EeSNPorBlo7x9g);0.01656832987416812;NaN;0.002499039817202564;0.0011182210021760675;0.30642365751814726;51;
257073.05714019702;12.084046170246076;3.0883186374452976E-5;0.0;Infinity;0.95;8.62352796802331E9;1.238142669367167E9;8.354675841323158E9;6.693878704138865E9;Server1 (ID: _t8rcYHlPEeSGtbTG2d9Ipg);Server1 (ID: _t8rcYHlPEeSGtbTG2d9Ipg);Server2 (ID: _dH4W0Lg3EeSNPorBlo7x9g);Server2 (ID: _dH4W0Lg3EeSNPorBlo7x9g);ossec_extended (ID: _KsE3sK_GEeaFof9L2wGlaQ);Server2 (ID: _dH4W0Lg3EeSNPorBlo7x9g);Server1 (ID: _t8rcYHlPEeSGtbTG2d9Ipg);Server1 (ID: _t8rcYHlPEeSGtbTG2d9Ipg);0.005630168940824021;0.01212669234830921;4.706986139302316E-6;NaN;0.33767973588997513;52;
135278.2621251991;18.613187923373026;3.585190539578953E-5;0.0;Infinity;0.95;3.1965149898699346E9;2.311509147362991E9;5.435369151810005E9;4.9532749907650536E10;Server1 (ID: _t8rcYHlPEeSGtbTG2d9Ipg);Server1 (ID: _t8rcYHlPEeSGtbTG2d9Ipg);Server2 (ID: _dH4W0Lg3EeSNPorBlo7x9g);Server2 (ID: _dH4W0Lg3EeSNPorBlo7x9g);AppSensor (ID: _VYStANVwEeWS-LePWVyd9g);Server1 (ID: _t8rcYHlPEeSGtbTG2d9Ipg);Server1 (ID: _t8rcYHlPEeSGtbTG2d9Ipg);Server2 (ID: _dH4W0Lg3EeSNPorBlo7x9g);0.013695496860461454;0.005794914923631267;6.748563326053336E-6;NaN;0.4117350350485589;53;
