cost:BRS_usage_scenario;Backupability:BRS_usage_scenario;response time:BRS_usage_scenario;Usability:BRS_usage_scenario;lower bound confidence(response time:BRS_usage_scenario);upper bound confidence(response time:BRS_usage_scenario);alpha(response time:BRS_usage_scenario);ContinuousProcessingRateDegreeImpl:server1:CPU;ContinuousProcessingRateDegreeImpl:server2:CPU;ContinuousProcessingRateDegreeImpl:server3:CPU;ContinuousProcessingRateDegreeImpl:server4:CPU;AssembledComponentDegreeImpl:Assembly_WebServer1 <WebServer1>;AssembledComponentDegreeImpl:Assembly_CoreGraphicEngine <CoreGraphicEngine>;AssembledComponentDegreeImpl:Assembly_Database1 <Database1>;AllocationDegreeImpl:Allocation_Assembly_WebServer1 <WebServer1> <WebServer1>;AllocationDegreeImpl:Allocation_Assembly_UserManagement <UserManagement> <UserManagement>;AllocationDegreeImpl:Allocation_Assembly_Scheduler <Scheduler> <Scheduler>;AllocationDegreeImpl:Allocation_Assembly_OnlineReporting <OnlineReporting> <OnlineReporting>;AllocationDegreeImpl:Allocation_Assembly_GraphicalReporting <GraphicalReporting> <GraphicalReporting>;AllocationDegreeImpl:Allocation_Assembly_CoreOnlineEngine <CoreOnlineEngine> <CoreOnlineEngine>;AllocationDegreeImpl:Allocation_Assembly_CoreGraphicEngine <CoreGraphicEngine> <CoreGraphicEngine>;AllocationDegreeImpl:Allocation_Assembly_CacheInfo <CacheInfo> <CacheInfo>;AllocationDegreeImpl:Allocation_Assembly_Database1 <Database1> <Database1>;Util of server1 CPU;Util of server2 CPU;Util of server3 CPU;Util of server4 CPU;Util of ConnectionForAllServers LAN;Candidate ID;
637.7794367483704;3.0;6.741467667899997;3.0;0.0;Infinity;0.95;50.0;50.0;50.0;50.0;WebServer1 (ID: _6bAEENo5EdyCSNQKlT1LxA);CoreGraphicEngine (ID: _wrGucHqPEd6uqIqMUZizUw);Database1 (ID: _sQC2sNo4EdyCSNQKlT1LxA);server1 (ID: _8-cpgNo_EdyxgfK4Hy_RFA);server2 (ID: _EX6xcdpAEdyxgfK4Hy_RFA);server2 (ID: _EX6xcdpAEdyxgfK4Hy_RFA);server2 (ID: _EX6xcdpAEdyxgfK4Hy_RFA);server2 (ID: _EX6xcdpAEdyxgfK4Hy_RFA);server3 (ID: _U2Nv4dpAEdyxgfK4Hy_RFA);server3 (ID: _U2Nv4dpAEdyxgfK4Hy_RFA);server3 (ID: _U2Nv4dpAEdyxgfK4Hy_RFA);server4 (ID: _L0Dy4dpAEdyxgfK4Hy_RFA);0.010162671074452456;0.01195842881486664;0.05101236777172735;0.15264399869856937;0.002487234816110573;8890;
567.475432897863;3.0;1.7248460815800053;3.0;0.0;Infinity;0.95;334.02248818269555;111.10742252858358;238.45758215799373;140.8642654728942;WebServer1 (ID: _6bAEENo5EdyCSNQKlT1LxA);CoreGraphicEngine (ID: _wrGucHqPEd6uqIqMUZizUw);Database1 (ID: _sQC2sNo4EdyCSNQKlT1LxA);server2 (ID: _EX6xcdpAEdyxgfK4Hy_RFA);server4 (ID: _L0Dy4dpAEdyxgfK4Hy_RFA);server3 (ID: _U2Nv4dpAEdyxgfK4Hy_RFA);server2 (ID: _EX6xcdpAEdyxgfK4Hy_RFA);server2 (ID: _EX6xcdpAEdyxgfK4Hy_RFA);server4 (ID: _L0Dy4dpAEdyxgfK4Hy_RFA);server3 (ID: _U2Nv4dpAEdyxgfK4Hy_RFA);server3 (ID: _U2Nv4dpAEdyxgfK4Hy_RFA);server3 (ID: _U2Nv4dpAEdyxgfK4Hy_RFA);NaN;0.0088674140248729;0.034821178389868646;0.014911545207680121;NaN;8891;
2647.3344116248545;1.0;0.6568452044000027;3.0;0.0;Infinity;0.95;187.205604002546;213.2572236829912;493.0239135857725;259.3723574587119;WebServer1 (ID: _6bAEENo5EdyCSNQKlT1LxA);CoreGraphicEngine (ID: _wrGucHqPEd6uqIqMUZizUw);Database2 (ID: _sQC2sNo4EeyCSNQKlT1LxA);server1 (ID: _8-cpgNo_EdyxgfK4Hy_RFA);server2 (ID: _EX6xcdpAEdyxgfK4Hy_RFA);server1 (ID: _8-cpgNo_EdyxgfK4Hy_RFA);server2 (ID: _EX6xcdpAEdyxgfK4Hy_RFA);server3 (ID: _U2Nv4dpAEdyxgfK4Hy_RFA);server4 (ID: _L0Dy4dpAEdyxgfK4Hy_RFA);server3 (ID: _U2Nv4dpAEdyxgfK4Hy_RFA);server4 (ID: _L0Dy4dpAEdyxgfK4Hy_RFA);server4 (ID: _L0Dy4dpAEdyxgfK4Hy_RFA);0.0033235193843391686;5.03787861623084E-4;0.0016146635825100564;0.016889486974175583;NaN;8892;
2641.941418834933;1.0;1.3937227348399945;3.0;0.0;Infinity;0.95;415.25154718570536;324.84501909319295;288.4278471242614;77.42889893919573;WebServer1 (ID: _6bAEENo5EdyCSNQKlT1LxA);CoreOnlineEngine (ID: _P48uoGo2Ed631pecjlFspw);Database2 (ID: _sQC2sNo4EeyCSNQKlT1LxA);server4 (ID: _L0Dy4dpAEdyxgfK4Hy_RFA);server3 (ID: _U2Nv4dpAEdyxgfK4Hy_RFA);server4 (ID: _L0Dy4dpAEdyxgfK4Hy_RFA);server2 (ID: _EX6xcdpAEdyxgfK4Hy_RFA);server2 (ID: _EX6xcdpAEdyxgfK4Hy_RFA);server4 (ID: _L0Dy4dpAEdyxgfK4Hy_RFA);server2 (ID: _EX6xcdpAEdyxgfK4Hy_RFA);server1 (ID: _8-cpgNo_EdyxgfK4Hy_RFA);server2 (ID: _EX6xcdpAEdyxgfK4Hy_RFA);1.0796499344623012E-4;0.009680804409065824;4.24152192286531E-5;0.034961434867132435;0.002569253897889423;8893;
689.7264260454322;3.0;2.1834707705399916;3.0;0.0;Infinity;0.95;42.35811064119338;150.63183705785872;242.69094305461795;216.1302794751786;WebServer1 (ID: _6bAEENo5EdyCSNQKlT1LxA);CoreOnlineEngine (ID: _P48uoGo2Ed631pecjlFspw);Database1 (ID: _sQC2sNo4EdyCSNQKlT1LxA);server1 (ID: _8-cpgNo_EdyxgfK4Hy_RFA);server4 (ID: _L0Dy4dpAEdyxgfK4Hy_RFA);server3 (ID: _U2Nv4dpAEdyxgfK4Hy_RFA);server1 (ID: _8-cpgNo_EdyxgfK4Hy_RFA);server1 (ID: _8-cpgNo_EdyxgfK4Hy_RFA);server2 (ID: _EX6xcdpAEdyxgfK4Hy_RFA);server4 (ID: _L0Dy4dpAEdyxgfK4Hy_RFA);server2 (ID: _EX6xcdpAEdyxgfK4Hy_RFA);server3 (ID: _U2Nv4dpAEdyxgfK4Hy_RFA);0.02325270124703549;0.014208407883632646;0.03224228364440618;0.0019426054438238527;0.0025154147734849364;8894;
638.4884209150335;3.0;1.3894462038800053;3.0;0.0;Infinity;0.95;224.2038358074148;414.77114174009466;469.09280548146035;81.37634608982358;WebServer1 (ID: _6bAEENo5EdyCSNQKlT1LxA);CoreGraphicEngine (ID: _wrGucHqPEd6uqIqMUZizUw);Database1 (ID: _sQC2sNo4EdyCSNQKlT1LxA);server1 (ID: _8-cpgNo_EdyxgfK4Hy_RFA);server1 (ID: _8-cpgNo_EdyxgfK4Hy_RFA);server2 (ID: _EX6xcdpAEdyxgfK4Hy_RFA);server2 (ID: _EX6xcdpAEdyxgfK4Hy_RFA);server3 (ID: _U2Nv4dpAEdyxgfK4Hy_RFA);server3 (ID: _U2Nv4dpAEdyxgfK4Hy_RFA);server1 (ID: _8-cpgNo_EdyxgfK4Hy_RFA);server2 (ID: _EX6xcdpAEdyxgfK4Hy_RFA);server1 (ID: _8-cpgNo_EdyxgfK4Hy_RFA);0.03880517574374065;6.068211759424624E-4;0.005269988457439867;NaN;0.0025348640859518268;8895;
770.3795416312162;3.0;1.1047009585999936;3.0;0.0;Infinity;0.95;302.5739393340426;319.60909773996514;314.1979972234934;416.9140723156388;WebServer1 (ID: _6bAEENo5EdyCSNQKlT1LxA);CoreOnlineEngine (ID: _P48uoGo2Ed631pecjlFspw);Database1 (ID: _sQC2sNo4EdyCSNQKlT1LxA);server4 (ID: _L0Dy4dpAEdyxgfK4Hy_RFA);server1 (ID: _8-cpgNo_EdyxgfK4Hy_RFA);server3 (ID: _U2Nv4dpAEdyxgfK4Hy_RFA);server4 (ID: _L0Dy4dpAEdyxgfK4Hy_RFA);server1 (ID: _8-cpgNo_EdyxgfK4Hy_RFA);server4 (ID: _L0Dy4dpAEdyxgfK4Hy_RFA);server3 (ID: _U2Nv4dpAEdyxgfK4Hy_RFA);server2 (ID: _EX6xcdpAEdyxgfK4Hy_RFA);server1 (ID: _8-cpgNo_EdyxgfK4Hy_RFA);0.02666618453257885;1.4116151499909968E-4;0.0016733959502942541;0.006482096938738469;0.0025842023317922402;8896;
2091.5211092886266;3.0;2.4043071649200103;3.0;0.0;Infinity;0.95;187.28497922470365;233.12154547550665;83.39386547457997;163.62011463282863;WebServer2 (ID: _6bAEENo5EdyCSNQKlT1LxA2);CoreOnlineEngine (ID: _P48uoGo2Ed631pecjlFspw);Database1 (ID: _sQC2sNo4EdyCSNQKlT1LxA);server1 (ID: _8-cpgNo_EdyxgfK4Hy_RFA);server3 (ID: _U2Nv4dpAEdyxgfK4Hy_RFA);server4 (ID: _L0Dy4dpAEdyxgfK4Hy_RFA);server3 (ID: _U2Nv4dpAEdyxgfK4Hy_RFA);server4 (ID: _L0Dy4dpAEdyxgfK4Hy_RFA);server3 (ID: _U2Nv4dpAEdyxgfK4Hy_RFA);server2 (ID: _EX6xcdpAEdyxgfK4Hy_RFA);server2 (ID: _EX6xcdpAEdyxgfK4Hy_RFA);server4 (ID: _L0Dy4dpAEdyxgfK4Hy_RFA);5.98456771686795E-4;0.0019600686971559256;0.026301429400083176;0.05024936796725343;0.002539533784453818;8897;
3900.243830467162;1.0;0.7071240753400095;2.0;0.0;Infinity;0.95;208.13518059914009;359.4963663917745;207.80226823747563;107.88019042181918;WebServer2 (ID: _6bAEENo5EdyCSNQKlT1LxA2);CoreGraphicEngine (ID: _wrGucHqPEd6uqIqMUZizUw);Database2 (ID: _sQC2sNo4EeyCSNQKlT1LxA);server2 (ID: _EX6xcdpAEdyxgfK4Hy_RFA);server3 (ID: _U2Nv4dpAEdyxgfK4Hy_RFA);server2 (ID: _EX6xcdpAEdyxgfK4Hy_RFA);server3 (ID: _U2Nv4dpAEdyxgfK4Hy_RFA);server3 (ID: _U2Nv4dpAEdyxgfK4Hy_RFA);server3 (ID: _U2Nv4dpAEdyxgfK4Hy_RFA);server1 (ID: _8-cpgNo_EdyxgfK4Hy_RFA);server3 (ID: _U2Nv4dpAEdyxgfK4Hy_RFA);server2 (ID: _EX6xcdpAEdyxgfK4Hy_RFA);0.0019949360368352043;0.0068987321717668415;0.012623419811187864;NaN;0.00252340980406518;8898;
2661.5527855664736;1.0;0.9758509768399968;3.0;0.0;Infinity;0.95;492.49408203245383;415.9739904437197;135.05185270094387;233.00409150566765;WebServer1 (ID: _6bAEENo5EdyCSNQKlT1LxA);CoreGraphicEngine (ID: _wrGucHqPEd6uqIqMUZizUw);Database2 (ID: _sQC2sNo4EeyCSNQKlT1LxA);server4 (ID: _L0Dy4dpAEdyxgfK4Hy_RFA);server1 (ID: _8-cpgNo_EdyxgfK4Hy_RFA);server1 (ID: _8-cpgNo_EdyxgfK4Hy_RFA);server2 (ID: _EX6xcdpAEdyxgfK4Hy_RFA);server4 (ID: _L0Dy4dpAEdyxgfK4Hy_RFA);server3 (ID: _U2Nv4dpAEdyxgfK4Hy_RFA);server2 (ID: _EX6xcdpAEdyxgfK4Hy_RFA);server2 (ID: _EX6xcdpAEdyxgfK4Hy_RFA);server4 (ID: _L0Dy4dpAEdyxgfK4Hy_RFA);2.526139528229443E-4;0.0013362061483981336;0.015625039786565376;0.013404831238822301;0.002551551181236067;8899;
787.15809225866;3.0;0.7826018875199983;3.0;0.0;Infinity;0.95;489.7865052174524;347.63553567624274;409.2641033971164;252.541126944584;WebServer1 (ID: _6bAEENo5EdyCSNQKlT1LxA);CoreGraphicEngine (ID: _wrGucHqPEd6uqIqMUZizUw);Database1 (ID: _sQC2sNo4EdyCSNQKlT1LxA);server4 (ID: _L0Dy4dpAEdyxgfK4Hy_RFA);server1 (ID: _8-cpgNo_EdyxgfK4Hy_RFA);server4 (ID: _L0Dy4dpAEdyxgfK4Hy_RFA);server4 (ID: _L0Dy4dpAEdyxgfK4Hy_RFA);server3 (ID: _U2Nv4dpAEdyxgfK4Hy_RFA);server2 (ID: _EX6xcdpAEdyxgfK4Hy_RFA);server1 (ID: _8-cpgNo_EdyxgfK4Hy_RFA);server1 (ID: _8-cpgNo_EdyxgfK4Hy_RFA);server1 (ID: _8-cpgNo_EdyxgfK4Hy_RFA);0.016804494865972575;0.006029679097399154;9.303190524562188E-4;0.002840484478468408;NaN;8900;
2164.1822031673078;3.0;0.9507364514599931;3.0;0.0;Infinity;0.95;153.24830654391843;424.27047633059453;438.8346160509322;283.04009025861535;WebServer2 (ID: _6bAEENo5EdyCSNQKlT1LxA2);CoreGraphicEngine (ID: _wrGucHqPEd6uqIqMUZizUw);Database1 (ID: _sQC2sNo4EdyCSNQKlT1LxA);server1 (ID: _8-cpgNo_EdyxgfK4Hy_RFA);server1 (ID: _8-cpgNo_EdyxgfK4Hy_RFA);server1 (ID: _8-cpgNo_EdyxgfK4Hy_RFA);server3 (ID: _U2Nv4dpAEdyxgfK4Hy_RFA);server1 (ID: _8-cpgNo_EdyxgfK4Hy_RFA);server2 (ID: _EX6xcdpAEdyxgfK4Hy_RFA);server1 (ID: _8-cpgNo_EdyxgfK4Hy_RFA);server4 (ID: _L0Dy4dpAEdyxgfK4Hy_RFA);server3 (ID: _U2Nv4dpAEdyxgfK4Hy_RFA);0.006707338487496162;0.0049424279657749315;0.017914015776268832;1.5955581586823975E-4;0.00259460752040519;8901;
2462.606856766074;1.0;1.1477398581799918;3.0;0.0;Infinity;0.95;137.1173052016013;436.23231108349535;126.0027484741887;184.964566500738;WebServer1 (ID: _6bAEENo5EdyCSNQKlT1LxA);CoreGraphicEngine (ID: _wrGucHqPEd6uqIqMUZizUw);Database2 (ID: _sQC2sNo4EeyCSNQKlT1LxA);server3 (ID: _U2Nv4dpAEdyxgfK4Hy_RFA);server4 (ID: _L0Dy4dpAEdyxgfK4Hy_RFA);server3 (ID: _U2Nv4dpAEdyxgfK4Hy_RFA);server3 (ID: _U2Nv4dpAEdyxgfK4Hy_RFA);server3 (ID: _U2Nv4dpAEdyxgfK4Hy_RFA);server4 (ID: _L0Dy4dpAEdyxgfK4Hy_RFA);server4 (ID: _L0Dy4dpAEdyxgfK4Hy_RFA);server1 (ID: _8-cpgNo_EdyxgfK4Hy_RFA);server1 (ID: _8-cpgNo_EdyxgfK4Hy_RFA);0.01664172920361795;NaN;0.008712487266221203;0.01365496929650345;NaN;8902;
4020.086407965772;1.0;0.9401691008400004;2.0;0.0;Infinity;0.95;29.753387458886777;344.60042136192004;168.57117141281975;372.94343653003193;WebServer2 (ID: _6bAEENo5EdyCSNQKlT1LxA2);CoreGraphicEngine (ID: _wrGucHqPEd6uqIqMUZizUw);Database2 (ID: _sQC2sNo4EeyCSNQKlT1LxA);server2 (ID: _EX6xcdpAEdyxgfK4Hy_RFA);server1 (ID: _8-cpgNo_EdyxgfK4Hy_RFA);server4 (ID: _L0Dy4dpAEdyxgfK4Hy_RFA);server4 (ID: _L0Dy4dpAEdyxgfK4Hy_RFA);server2 (ID: _EX6xcdpAEdyxgfK4Hy_RFA);server3 (ID: _U2Nv4dpAEdyxgfK4Hy_RFA);server4 (ID: _L0Dy4dpAEdyxgfK4Hy_RFA);server2 (ID: _EX6xcdpAEdyxgfK4Hy_RFA);server3 (ID: _U2Nv4dpAEdyxgfK4Hy_RFA);4.1129667960104754E-4;0.001559656200585624;0.025772986625849592;0.0016623297482386556;0.0025516165366743504;8903;
619.0812394836508;3.0;0.9073111541200094;3.0;0.0;Infinity;0.95;152.8974117384186;430.3845210439984;293.4404326286364;215.44803543258865;WebServer1 (ID: _6bAEENo5EdyCSNQKlT1LxA);CoreOnlineEngine (ID: _P48uoGo2Ed631pecjlFspw);Database1 (ID: _sQC2sNo4EdyCSNQKlT1LxA);server4 (ID: _L0Dy4dpAEdyxgfK4Hy_RFA);server3 (ID: _U2Nv4dpAEdyxgfK4Hy_RFA);server4 (ID: _L0Dy4dpAEdyxgfK4Hy_RFA);server3 (ID: _U2Nv4dpAEdyxgfK4Hy_RFA);server2 (ID: _EX6xcdpAEdyxgfK4Hy_RFA);server2 (ID: _EX6xcdpAEdyxgfK4Hy_RFA);server2 (ID: _EX6xcdpAEdyxgfK4Hy_RFA);server4 (ID: _L0Dy4dpAEdyxgfK4Hy_RFA);server2 (ID: _EX6xcdpAEdyxgfK4Hy_RFA);NaN;0.02478559685151005;3.6606881151424187E-4;0.0030971149408153265;0.002592538631209673;8904;
2533.2803265822113;1.0;0.6707816062799996;3.0;0.0;Infinity;0.95;455.4152539320253;49.638586353455366;435.29278254338476;172.06212243682023;WebServer1 (ID: _6bAEENo5EdyCSNQKlT1LxA);CoreGraphicEngine (ID: _wrGucHqPEd6uqIqMUZizUw);Database2 (ID: _sQC2sNo4EeyCSNQKlT1LxA);server1 (ID: _8-cpgNo_EdyxgfK4Hy_RFA);server3 (ID: _U2Nv4dpAEdyxgfK4Hy_RFA);server3 (ID: _U2Nv4dpAEdyxgfK4Hy_RFA);server3 (ID: _U2Nv4dpAEdyxgfK4Hy_RFA);server1 (ID: _8-cpgNo_EdyxgfK4Hy_RFA);server1 (ID: _8-cpgNo_EdyxgfK4Hy_RFA);server4 (ID: _L0Dy4dpAEdyxgfK4Hy_RFA);server4 (ID: _L0Dy4dpAEdyxgfK4Hy_RFA);server4 (ID: _L0Dy4dpAEdyxgfK4Hy_RFA);0.006563339888102204;NaN;5.045767078878383E-4;0.015737703991773877;NaN;8905;
2061.536738747155;3.0;9.845099455019987;3.0;0.0;Infinity;0.95;96.92841811864446;25.477293738016215;118.9278539090983;165.2965886050597;WebServer2 (ID: _6bAEENo5EdyCSNQKlT1LxA2);CoreGraphicEngine (ID: _wrGucHqPEd6uqIqMUZizUw);Database1 (ID: _sQC2sNo4EdyCSNQKlT1LxA);server1 (ID: _8-cpgNo_EdyxgfK4Hy_RFA);server3 (ID: _U2Nv4dpAEdyxgfK4Hy_RFA);server4 (ID: _L0Dy4dpAEdyxgfK4Hy_RFA);server4 (ID: _L0Dy4dpAEdyxgfK4Hy_RFA);server1 (ID: _8-cpgNo_EdyxgfK4Hy_RFA);server3 (ID: _U2Nv4dpAEdyxgfK4Hy_RFA);server1 (ID: _8-cpgNo_EdyxgfK4Hy_RFA);server3 (ID: _U2Nv4dpAEdyxgfK4Hy_RFA);server2 (ID: _EX6xcdpAEdyxgfK4Hy_RFA);0.009325114729187955;0.3017008683446787;0.017908310891153634;0.0012476741209657138;0.0024896871795329067;8906;
2096.491131968928;3.0;1.483041652460007;3.0;0.0;Infinity;0.95;103.89841152266865;107.21882151758825;104.50749103753986;395.02276642499174;WebServer2 (ID: _6bAEENo5EdyCSNQKlT1LxA2);CoreOnlineEngine (ID: _P48uoGo2Ed631pecjlFspw);Database1 (ID: _sQC2sNo4EdyCSNQKlT1LxA);server2 (ID: _EX6xcdpAEdyxgfK4Hy_RFA);server4 (ID: _L0Dy4dpAEdyxgfK4Hy_RFA);server1 (ID: _8-cpgNo_EdyxgfK4Hy_RFA);server1 (ID: _8-cpgNo_EdyxgfK4Hy_RFA);server1 (ID: _8-cpgNo_EdyxgfK4Hy_RFA);server3 (ID: _U2Nv4dpAEdyxgfK4Hy_RFA);server3 (ID: _U2Nv4dpAEdyxgfK4Hy_RFA);server4 (ID: _L0Dy4dpAEdyxgfK4Hy_RFA);server4 (ID: _L0Dy4dpAEdyxgfK4Hy_RFA);0.0056578614662831095;0.0010459036362786556;0.024051093742314844;0.019638421393380567;NaN;8907;
2527.8541418611394;1.0;0.6426268755600164;3.0;0.0;Infinity;0.95;366.16150256616527;219.40282123901017;458.5977640874015;430.0113604728119;WebServer1 (ID: _6bAEENo5EdyCSNQKlT1LxA);CoreGraphicEngine (ID: _wrGucHqPEd6uqIqMUZizUw);Database2 (ID: _sQC2sNo4EeyCSNQKlT1LxA);server4 (ID: _L0Dy4dpAEdyxgfK4Hy_RFA);server1 (ID: _8-cpgNo_EdyxgfK4Hy_RFA);server4 (ID: _L0Dy4dpAEdyxgfK4Hy_RFA);server2 (ID: _EX6xcdpAEdyxgfK4Hy_RFA);server1 (ID: _8-cpgNo_EdyxgfK4Hy_RFA);server4 (ID: _L0Dy4dpAEdyxgfK4Hy_RFA);server1 (ID: _8-cpgNo_EdyxgfK4Hy_RFA);server4 (ID: _L0Dy4dpAEdyxgfK4Hy_RFA);server2 (ID: _EX6xcdpAEdyxgfK4Hy_RFA);0.0022014507448836484;0.010667328888712801;NaN;0.006425642534697129;0.002554124949833092;8908;
575.2291652030684;3.0;4.452283277219996;3.0;0.0;Infinity;0.95;61.95337129658799;363.7673851989779;132.14693336562726;73.30027069322006;WebServer1 (ID: _6bAEENo5EdyCSNQKlT1LxA);CoreGraphicEngine (ID: _wrGucHqPEd6uqIqMUZizUw);Database1 (ID: _sQC2sNo4EdyCSNQKlT1LxA);server2 (ID: _EX6xcdpAEdyxgfK4Hy_RFA);server3 (ID: _U2Nv4dpAEdyxgfK4Hy_RFA);server1 (ID: _8-cpgNo_EdyxgfK4Hy_RFA);server1 (ID: _8-cpgNo_EdyxgfK4Hy_RFA);server2 (ID: _EX6xcdpAEdyxgfK4Hy_RFA);server3 (ID: _U2Nv4dpAEdyxgfK4Hy_RFA);server3 (ID: _U2Nv4dpAEdyxgfK4Hy_RFA);server3 (ID: _U2Nv4dpAEdyxgfK4Hy_RFA);server1 (ID: _8-cpgNo_EdyxgfK4Hy_RFA);0.1265393566641253;0.0024419297735230883;0.019390037381345815;NaN;0.0025834442922818557;8909;
4033.763300677408;1.0;0.9794634426600005;2.0;0.0;Infinity;0.95;54.92681321340149;497.5092414739809;441.8537887884863;40.53393498934264;WebServer2 (ID: _6bAEENo5EdyCSNQKlT1LxA2);CoreGraphicEngine (ID: _wrGucHqPEd6uqIqMUZizUw);Database2 (ID: _sQC2sNo4EeyCSNQKlT1LxA);server4 (ID: _L0Dy4dpAEdyxgfK4Hy_RFA);server2 (ID: _EX6xcdpAEdyxgfK4Hy_RFA);server2 (ID: _EX6xcdpAEdyxgfK4Hy_RFA);server2 (ID: _EX6xcdpAEdyxgfK4Hy_RFA);server1 (ID: _8-cpgNo_EdyxgfK4Hy_RFA);server2 (ID: _EX6xcdpAEdyxgfK4Hy_RFA);server4 (ID: _L0Dy4dpAEdyxgfK4Hy_RFA);server4 (ID: _L0Dy4dpAEdyxgfK4Hy_RFA);server3 (ID: _U2Nv4dpAEdyxgfK4Hy_RFA);0.006930913772566827;0.004653485865965035;0.005049469944249152;0.014100190655504385;0.0025597728365903683;8920;
616.7199806638289;3.0;2.7979242006800056;3.0;0.0;Infinity;0.95;494.05808115299527;37.21958878444502;298.1624685836271;387.45816918020347;WebServer1 (ID: _6bAEENo5EdyCSNQKlT1LxA);CoreGraphicEngine (ID: _wrGucHqPEd6uqIqMUZizUw);Database1 (ID: _sQC2sNo4EdyCSNQKlT1LxA);server2 (ID: _EX6xcdpAEdyxgfK4Hy_RFA);server1 (ID: _8-cpgNo_EdyxgfK4Hy_RFA);server2 (ID: _EX6xcdpAEdyxgfK4Hy_RFA);server4 (ID: _L0Dy4dpAEdyxgfK4Hy_RFA);server4 (ID: _L0Dy4dpAEdyxgfK4Hy_RFA);server2 (ID: _EX6xcdpAEdyxgfK4Hy_RFA);server4 (ID: _L0Dy4dpAEdyxgfK4Hy_RFA);server4 (ID: _L0Dy4dpAEdyxgfK4Hy_RFA);server4 (ID: _L0Dy4dpAEdyxgfK4Hy_RFA);2.4738388013867407E-5;0.07276558729824323;NaN;0.022196161587724528;NaN;8921;
2059.8975095339965;3.0;0.838229003360008;3.0;0.0;Infinity;0.95;465.12104034208414;405.7850646531944;418.96840761410243;410.1848027306498;WebServer2 (ID: _6bAEENo5EdyCSNQKlT1LxA2);CoreGraphicEngine (ID: _wrGucHqPEd6uqIqMUZizUw);Database1 (ID: _sQC2sNo4EdyCSNQKlT1LxA);server3 (ID: _U2Nv4dpAEdyxgfK4Hy_RFA);server1 (ID: _8-cpgNo_EdyxgfK4Hy_RFA);server1 (ID: _8-cpgNo_EdyxgfK4Hy_RFA);server3 (ID: _U2Nv4dpAEdyxgfK4Hy_RFA);server4 (ID: _L0Dy4dpAEdyxgfK4Hy_RFA);server1 (ID: _8-cpgNo_EdyxgfK4Hy_RFA);server1 (ID: _8-cpgNo_EdyxgfK4Hy_RFA);server1 (ID: _8-cpgNo_EdyxgfK4Hy_RFA);server4 (ID: _L0Dy4dpAEdyxgfK4Hy_RFA);0.005787125946030369;NaN;4.949751261749125E-4;0.019571721442343426;0.002641693148978108;8922;
3938.3483027667626;1.0;0.43339042031999336;2.0;0.0;Infinity;0.95;472.24761690064145;361.59857450006496;295.0927260329388;273.0029080164239;WebServer2 (ID: _6bAEENo5EdyCSNQKlT1LxA2);CoreOnlineEngine (ID: _P48uoGo2Ed631pecjlFspw);Database2 (ID: _sQC2sNo4EeyCSNQKlT1LxA);server1 (ID: _8-cpgNo_EdyxgfK4Hy_RFA);server2 (ID: _EX6xcdpAEdyxgfK4Hy_RFA);server2 (ID: _EX6xcdpAEdyxgfK4Hy_RFA);server4 (ID: _L0Dy4dpAEdyxgfK4Hy_RFA);server2 (ID: _EX6xcdpAEdyxgfK4Hy_RFA);server1 (ID: _8-cpgNo_EdyxgfK4Hy_RFA);server1 (ID: _8-cpgNo_EdyxgfK4Hy_RFA);server2 (ID: _EX6xcdpAEdyxgfK4Hy_RFA);server1 (ID: _8-cpgNo_EdyxgfK4Hy_RFA);0.010300256942083141;0.001521383036200974;NaN;3.48765345820512E-4;0.0025667111647107443;8923;
781.6903327229082;3.0;0.917408005620003;3.0;0.0;Infinity;0.95;491.10655106760095;105.54492446252459;484.4365575869045;370.58316474805326;WebServer1 (ID: _6bAEENo5EdyCSNQKlT1LxA);CoreGraphicEngine (ID: _wrGucHqPEd6uqIqMUZizUw);Database1 (ID: _sQC2sNo4EdyCSNQKlT1LxA);server2 (ID: _EX6xcdpAEdyxgfK4Hy_RFA);server3 (ID: _U2Nv4dpAEdyxgfK4Hy_RFA);server4 (ID: _L0Dy4dpAEdyxgfK4Hy_RFA);server1 (ID: _8-cpgNo_EdyxgfK4Hy_RFA);server3 (ID: _U2Nv4dpAEdyxgfK4Hy_RFA);server4 (ID: _L0Dy4dpAEdyxgfK4Hy_RFA);server1 (ID: _8-cpgNo_EdyxgfK4Hy_RFA);server1 (ID: _8-cpgNo_EdyxgfK4Hy_RFA);server3 (ID: _U2Nv4dpAEdyxgfK4Hy_RFA);0.0011378811990213622;0.00483120089492628;0.016681520069391942;0.005970735836799856;0.002563975017016107;8924;
4058.6425815226457;1.0;0.4629301833400018;2.0;0.0;Infinity;0.95;398.24165529043205;180.1475179742962;186.1753374589032;486.64788131181297;WebServer2 (ID: _6bAEENo5EdyCSNQKlT1LxA2);CoreGraphicEngine (ID: _wrGucHqPEd6uqIqMUZizUw);Database2 (ID: _sQC2sNo4EeyCSNQKlT1LxA);server4 (ID: _L0Dy4dpAEdyxgfK4Hy_RFA);server2 (ID: _EX6xcdpAEdyxgfK4Hy_RFA);server1 (ID: _8-cpgNo_EdyxgfK4Hy_RFA);server3 (ID: _U2Nv4dpAEdyxgfK4Hy_RFA);server3 (ID: _U2Nv4dpAEdyxgfK4Hy_RFA);server4 (ID: _L0Dy4dpAEdyxgfK4Hy_RFA);server4 (ID: _L0Dy4dpAEdyxgfK4Hy_RFA);server3 (ID: _U2Nv4dpAEdyxgfK4Hy_RFA);server4 (ID: _L0Dy4dpAEdyxgfK4Hy_RFA);2.817672963447704E-4;6.795143185001074E-5;0.0027961781197169966;0.01004881433132887;0.0025462360296225617;8925;
734.2593837914859;3.0;1.0893708554199941;3.0;0.0;Infinity;0.95;37.889225027661894;415.7970512278166;247.31079379590147;338.14141260237534;WebServer1 (ID: _6bAEENo5EdyCSNQKlT1LxA);CoreGraphicEngine (ID: _wrGucHqPEd6uqIqMUZizUw);Database1 (ID: _sQC2sNo4EdyCSNQKlT1LxA);server4 (ID: _L0Dy4dpAEdyxgfK4Hy_RFA);server1 (ID: _8-cpgNo_EdyxgfK4Hy_RFA);server4 (ID: _L0Dy4dpAEdyxgfK4Hy_RFA);server1 (ID: _8-cpgNo_EdyxgfK4Hy_RFA);server4 (ID: _L0Dy4dpAEdyxgfK4Hy_RFA);server3 (ID: _U2Nv4dpAEdyxgfK4Hy_RFA);server3 (ID: _U2Nv4dpAEdyxgfK4Hy_RFA);server3 (ID: _U2Nv4dpAEdyxgfK4Hy_RFA);server2 (ID: _EX6xcdpAEdyxgfK4Hy_RFA);0.002834923820671076;0.0183339291778839;0.010370959051105522;0.002965333372712875;0.0025230364015341733;8926;
716.9880203641824;3.0;2.3893636585999936;3.0;0.0;Infinity;0.95;390.1208532652442;86.2742357237816;258.7330669937742;153.79190155850875;WebServer1 (ID: _6bAEENo5EdyCSNQKlT1LxA);CoreOnlineEngine (ID: _P48uoGo2Ed631pecjlFspw);Database1 (ID: _sQC2sNo4EdyCSNQKlT1LxA);server3 (ID: _U2Nv4dpAEdyxgfK4Hy_RFA);server4 (ID: _L0Dy4dpAEdyxgfK4Hy_RFA);server3 (ID: _U2Nv4dpAEdyxgfK4Hy_RFA);server1 (ID: _8-cpgNo_EdyxgfK4Hy_RFA);server1 (ID: _8-cpgNo_EdyxgfK4Hy_RFA);server2 (ID: _EX6xcdpAEdyxgfK4Hy_RFA);server1 (ID: _8-cpgNo_EdyxgfK4Hy_RFA);server1 (ID: _8-cpgNo_EdyxgfK4Hy_RFA);server4 (ID: _L0Dy4dpAEdyxgfK4Hy_RFA);0.002388829877891907;0.02422656452409533;0.0024021597205745593;0.04955044702674183;0.0025700261339061115;8927;
2025.0242579636727;3.0;0.8464495713799971;3.0;0.0;Infinity;0.95;193.8617596978716;197.54446441874495;429.72887844789216;363.6893046862649;WebServer2 (ID: _6bAEENo5EdyCSNQKlT1LxA2);CoreGraphicEngine (ID: _wrGucHqPEd6uqIqMUZizUw);Database1 (ID: _sQC2sNo4EdyCSNQKlT1LxA);server4 (ID: _L0Dy4dpAEdyxgfK4Hy_RFA);server3 (ID: _U2Nv4dpAEdyxgfK4Hy_RFA);server2 (ID: _EX6xcdpAEdyxgfK4Hy_RFA);server4 (ID: _L0Dy4dpAEdyxgfK4Hy_RFA);server3 (ID: _U2Nv4dpAEdyxgfK4Hy_RFA);server3 (ID: _U2Nv4dpAEdyxgfK4Hy_RFA);server4 (ID: _L0Dy4dpAEdyxgfK4Hy_RFA);server2 (ID: _EX6xcdpAEdyxgfK4Hy_RFA);server3 (ID: _U2Nv4dpAEdyxgfK4Hy_RFA);NaN;7.918398677053684E-4;0.023756990253028576;0.00169684576723661;0.002529463148114197;8928;
2621.6827289390367;1.0;1.709034074779996;3.0;0.0;Infinity;0.95;342.3510626276143;86.59190940161625;188.6279530822684;312.1815618697276;WebServer1 (ID: _6bAEENo5EdyCSNQKlT1LxA);CoreGraphicEngine (ID: _wrGucHqPEd6uqIqMUZizUw);Database2 (ID: _sQC2sNo4EeyCSNQKlT1LxA);server1 (ID: _8-cpgNo_EdyxgfK4Hy_RFA);server4 (ID: _L0Dy4dpAEdyxgfK4Hy_RFA);server1 (ID: _8-cpgNo_EdyxgfK4Hy_RFA);server1 (ID: _8-cpgNo_EdyxgfK4Hy_RFA);server3 (ID: _U2Nv4dpAEdyxgfK4Hy_RFA);server2 (ID: _EX6xcdpAEdyxgfK4Hy_RFA);server4 (ID: _L0Dy4dpAEdyxgfK4Hy_RFA);server1 (ID: _8-cpgNo_EdyxgfK4Hy_RFA);server2 (ID: _EX6xcdpAEdyxgfK4Hy_RFA);0.0022250627597029116;0.04990891385750329;0.0020172389339169206;0.0013448285126633763;0.002566801933625018;8929;
1999.0167235194392;3.0;2.877921248319994;3.0;0.0;Infinity;0.95;496.0251212248959;42.49914166397798;226.2367369646721;476.40116831828595;WebServer2 (ID: _6bAEENo5EdyCSNQKlT1LxA2);CoreGraphicEngine (ID: _wrGucHqPEd6uqIqMUZizUw);Database1 (ID: _sQC2sNo4EdyCSNQKlT1LxA);server3 (ID: _U2Nv4dpAEdyxgfK4Hy_RFA);server1 (ID: _8-cpgNo_EdyxgfK4Hy_RFA);server1 (ID: _8-cpgNo_EdyxgfK4Hy_RFA);server3 (ID: _U2Nv4dpAEdyxgfK4Hy_RFA);server2 (ID: _EX6xcdpAEdyxgfK4Hy_RFA);server2 (ID: _EX6xcdpAEdyxgfK4Hy_RFA);server1 (ID: _8-cpgNo_EdyxgfK4Hy_RFA);server2 (ID: _EX6xcdpAEdyxgfK4Hy_RFA);server3 (ID: _U2Nv4dpAEdyxgfK4Hy_RFA);0.0010708148321525446;0.05927908651264813;0.03487508940902451;NaN;0.0024755436879705384;8940;
606.4572627445918;3.0;2.772990303540005;3.0;0.0;Infinity;0.95;95.90854365031623;458.02016092123876;275.54670472015255;71.04853858628604;WebServer1 (ID: _6bAEENo5EdyCSNQKlT1LxA);CoreGraphicEngine (ID: _wrGucHqPEd6uqIqMUZizUw);Database1 (ID: _sQC2sNo4EdyCSNQKlT1LxA);server1 (ID: _8-cpgNo_EdyxgfK4Hy_RFA);server1 (ID: _8-cpgNo_EdyxgfK4Hy_RFA);server3 (ID: _U2Nv4dpAEdyxgfK4Hy_RFA);server3 (ID: _U2Nv4dpAEdyxgfK4Hy_RFA);server3 (ID: _U2Nv4dpAEdyxgfK4Hy_RFA);server2 (ID: _EX6xcdpAEdyxgfK4Hy_RFA);server2 (ID: _EX6xcdpAEdyxgfK4Hy_RFA);server1 (ID: _8-cpgNo_EdyxgfK4Hy_RFA);server1 (ID: _8-cpgNo_EdyxgfK4Hy_RFA);0.08652875461409182;0.00548435171528483;0.0021315404824509;NaN;NaN;8941;
4082.3014569032407;1.0;0.4952002293799999;2.0;0.0;Infinity;0.95;121.13327010822644;497.0725441688209;374.3070416287629;464.4736207619038;WebServer2 (ID: _6bAEENo5EdyCSNQKlT1LxA2);CoreOnlineEngine (ID: _P48uoGo2Ed631pecjlFspw);Database2 (ID: _sQC2sNo4EeyCSNQKlT1LxA);server1 (ID: _8-cpgNo_EdyxgfK4Hy_RFA);server4 (ID: _L0Dy4dpAEdyxgfK4Hy_RFA);server1 (ID: _8-cpgNo_EdyxgfK4Hy_RFA);server3 (ID: _U2Nv4dpAEdyxgfK4Hy_RFA);server4 (ID: _L0Dy4dpAEdyxgfK4Hy_RFA);server2 (ID: _EX6xcdpAEdyxgfK4Hy_RFA);server3 (ID: _U2Nv4dpAEdyxgfK4Hy_RFA);server4 (ID: _L0Dy4dpAEdyxgfK4Hy_RFA);server3 (ID: _U2Nv4dpAEdyxgfK4Hy_RFA);0.001852657776038158;0.004193450730785364;0.007345748270050745;9.40776586598524E-4;0.0025053797233965946;8942;
2551.659526536235;1.0;0.5793574910200001;3.0;0.0;Infinity;0.95;249.6195731024266;491.2476270670725;481.756839621385;44.49033192451924;WebServer1 (ID: _6bAEENo5EdyCSNQKlT1LxA);CoreOnlineEngine (ID: _P48uoGo2Ed631pecjlFspw);Database2 (ID: _sQC2sNo4EeyCSNQKlT1LxA);server2 (ID: _EX6xcdpAEdyxgfK4Hy_RFA);server3 (ID: _U2Nv4dpAEdyxgfK4Hy_RFA);server3 (ID: _U2Nv4dpAEdyxgfK4Hy_RFA);server3 (ID: _U2Nv4dpAEdyxgfK4Hy_RFA);server1 (ID: _8-cpgNo_EdyxgfK4Hy_RFA);server1 (ID: _8-cpgNo_EdyxgfK4Hy_RFA);server3 (ID: _U2Nv4dpAEdyxgfK4Hy_RFA);server1 (ID: _8-cpgNo_EdyxgfK4Hy_RFA);server3 (ID: _U2Nv4dpAEdyxgfK4Hy_RFA);0.010103641546112874;0.0010382002276482227;0.005961536121233846;NaN;0.0025950006821271465;8943;
3919.237972131359;1.0;0.6249549049799992;2.0;0.0;Infinity;0.95;285.64444130790156;306.0454838408451;245.65836883055124;388.93232536801787;WebServer2 (ID: _6bAEENo5EdyCSNQKlT1LxA2);CoreOnlineEngine (ID: _P48uoGo2Ed631pecjlFspw);Database2 (ID: _sQC2sNo4EeyCSNQKlT1LxA);server2 (ID: _EX6xcdpAEdyxgfK4Hy_RFA);server2 (ID: _EX6xcdpAEdyxgfK4Hy_RFA);server2 (ID: _EX6xcdpAEdyxgfK4Hy_RFA);server4 (ID: _L0Dy4dpAEdyxgfK4Hy_RFA);server3 (ID: _U2Nv4dpAEdyxgfK4Hy_RFA);server3 (ID: _U2Nv4dpAEdyxgfK4Hy_RFA);server3 (ID: _U2Nv4dpAEdyxgfK4Hy_RFA);server2 (ID: _EX6xcdpAEdyxgfK4Hy_RFA);server4 (ID: _L0Dy4dpAEdyxgfK4Hy_RFA);NaN;9.200729944329744E-4;0.011746709988097348;0.006004521453749523;0.0025765478788160046;8944;
3922.5220715838145;1.0;0.7250705307400026;2.0;0.0;Infinity;0.95;404.59443271490176;230.8504535353478;333.75488780964815;217.4965465914304;WebServer2 (ID: _6bAEENo5EdyCSNQKlT1LxA2);CoreGraphicEngine (ID: _wrGucHqPEd6uqIqMUZizUw);Database2 (ID: _sQC2sNo4EeyCSNQKlT1LxA);server1 (ID: _8-cpgNo_EdyxgfK4Hy_RFA);server1 (ID: _8-cpgNo_EdyxgfK4Hy_RFA);server2 (ID: _EX6xcdpAEdyxgfK4Hy_RFA);server3 (ID: _U2Nv4dpAEdyxgfK4Hy_RFA);server1 (ID: _8-cpgNo_EdyxgfK4Hy_RFA);server2 (ID: _EX6xcdpAEdyxgfK4Hy_RFA);server3 (ID: _U2Nv4dpAEdyxgfK4Hy_RFA);server3 (ID: _U2Nv4dpAEdyxgfK4Hy_RFA);server2 (ID: _EX6xcdpAEdyxgfK4Hy_RFA);0.0012486540081058095;0.019196290710434716;0.0016454350777515003;NaN;0.0025600603668128885;8945;
2521.789691777274;1.0;0.7811949378399968;3.0;0.0;Infinity;0.95;440.70724497422395;299.0171325829011;143.58967438664553;378.5329498802369;WebServer1 (ID: _6bAEENo5EdyCSNQKlT1LxA);CoreOnlineEngine (ID: _P48uoGo2Ed631pecjlFspw);Database2 (ID: _sQC2sNo4EeyCSNQKlT1LxA);server4 (ID: _L0Dy4dpAEdyxgfK4Hy_RFA);server4 (ID: _L0Dy4dpAEdyxgfK4Hy_RFA);server4 (ID: _L0Dy4dpAEdyxgfK4Hy_RFA);server4 (ID: _L0Dy4dpAEdyxgfK4Hy_RFA);server1 (ID: _8-cpgNo_EdyxgfK4Hy_RFA);server1 (ID: _8-cpgNo_EdyxgfK4Hy_RFA);server3 (ID: _U2Nv4dpAEdyxgfK4Hy_RFA);server3 (ID: _U2Nv4dpAEdyxgfK4Hy_RFA);server3 (ID: _U2Nv4dpAEdyxgfK4Hy_RFA);0.005610512416755142;NaN;0.019019400178483137;0.001927370960894681;NaN;8946;
3996.8247571034467;1.0;1.0227631196800007;2.0;0.0;Infinity;0.95;110.80879820159481;63.0103743004002;201.91684041210578;337.81319652339636;WebServer2 (ID: _6bAEENo5EdyCSNQKlT1LxA2);CoreGraphicEngine (ID: _wrGucHqPEd6uqIqMUZizUw);Database2 (ID: _sQC2sNo4EeyCSNQKlT1LxA);server4 (ID: _L0Dy4dpAEdyxgfK4Hy_RFA);server2 (ID: _EX6xcdpAEdyxgfK4Hy_RFA);server3 (ID: _U2Nv4dpAEdyxgfK4Hy_RFA);server2 (ID: _EX6xcdpAEdyxgfK4Hy_RFA);server4 (ID: _L0Dy4dpAEdyxgfK4Hy_RFA);server4 (ID: _L0Dy4dpAEdyxgfK4Hy_RFA);server3 (ID: _U2Nv4dpAEdyxgfK4Hy_RFA);server4 (ID: _L0Dy4dpAEdyxgfK4Hy_RFA);server1 (ID: _8-cpgNo_EdyxgfK4Hy_RFA);0.020133388536100916;0.0017047268193989273;0.0026090395528727273;0.007799278756995709;0.002518827512300037;8947;
4094.0042661940442;1.0;0.7309212595799987;2.0;0.0;Infinity;0.95;480.6607993081438;141.58489692504065;458.5618094740071;477.9646573341099;WebServer2 (ID: _6bAEENo5EdyCSNQKlT1LxA2);CoreOnlineEngine (ID: _P48uoGo2Ed631pecjlFspw);Database2 (ID: _sQC2sNo4EeyCSNQKlT1LxA);server3 (ID: _U2Nv4dpAEdyxgfK4Hy_RFA);server1 (ID: _8-cpgNo_EdyxgfK4Hy_RFA);server4 (ID: _L0Dy4dpAEdyxgfK4Hy_RFA);server1 (ID: _8-cpgNo_EdyxgfK4Hy_RFA);server1 (ID: _8-cpgNo_EdyxgfK4Hy_RFA);server2 (ID: _EX6xcdpAEdyxgfK4Hy_RFA);server4 (ID: _L0Dy4dpAEdyxgfK4Hy_RFA);server1 (ID: _8-cpgNo_EdyxgfK4Hy_RFA);server3 (ID: _U2Nv4dpAEdyxgfK4Hy_RFA);0.0011102994399762034;0.014843016170284717;0.0051885047216017055;0.001094043938694944;0.0026130762967410126;8948;
3885.983243256066;1.0;1.4053312417200081;2.0;0.0;Infinity;0.95;453.4643754032711;65.08182901728514;132.855541130986;496.78340406438093;WebServer2 (ID: _6bAEENo5EdyCSNQKlT1LxA2);CoreOnlineEngine (ID: _P48uoGo2Ed631pecjlFspw);Database2 (ID: _sQC2sNo4EeyCSNQKlT1LxA);server3 (ID: _U2Nv4dpAEdyxgfK4Hy_RFA);server3 (ID: _U2Nv4dpAEdyxgfK4Hy_RFA);server1 (ID: _8-cpgNo_EdyxgfK4Hy_RFA);server1 (ID: _8-cpgNo_EdyxgfK4Hy_RFA);server2 (ID: _EX6xcdpAEdyxgfK4Hy_RFA);server1 (ID: _8-cpgNo_EdyxgfK4Hy_RFA);server1 (ID: _8-cpgNo_EdyxgfK4Hy_RFA);server2 (ID: _EX6xcdpAEdyxgfK4Hy_RFA);server2 (ID: _EX6xcdpAEdyxgfK4Hy_RFA);0.0059689891513490245;0.04084871661612233;9.362470767106945E-4;NaN;NaN;8949;
